,homeTeam,awayTeam,Home Team Rank,Away Team Rank,Home Team Scored Goals,Home Team Received Goals,Away Team Scored Goals,Away Team received Goals
0,Famalicao,Benfica,19,1,2.333333333333333,2.0,2.6666666666666665,0.3333333333333333
1,Guimaraes,Belenenses,15,5,1.0,1.3333333333333333,0.6666666666666666,1.0
2,Nacional,Boavista,7,6,,,1.0,2.0
3,Porto,Sp Braga,2,16,3.0,1.0,1.0,1.0
4,Santa Clara,Maritimo,3,17,2.333333333333333,1.3333333333333333,1.0,1.3333333333333333
5,Tondela,Rio Ave,8,11,1.6666666666666667,1.3333333333333333,1.3333333333333333,0.6666666666666666
6,Portimonense,Pacos Ferreira,10,9,1.6666666666666667,1.0,2.0,1.6666666666666667
