,homeTeam,awayTeam,Home Team Rank,Away Team Rank,Home Team Scored Goals,Home Team Received Goals,Away Team Scored Goals,Away Team received Goals
0,Fiorentina,Torino,6,15,2.6666666666666665,1.0,1.3333333333333333,1.6666666666666667
1,Verona,Roma,2,19,1.3333333333333333,2.6666666666666665,2.6666666666666665,1.3333333333333333
2,Parma,Napoli,17,5,2.333333333333333,2.0,1.6666666666666667,1.0
3,Genoa,Crotone,1,18,1.0,2.6666666666666665,,
4,Sassuolo,Cagliari,8,7,1.6666666666666667,1.0,0.6666666666666666,1.3333333333333333
5,Juventus,Sampdoria,3,20,1.0,1.6666666666666667,0.6666666666666666,2.333333333333333
6,Milan,Bologna,4,16,2.6666666666666665,0.6666666666666666,1.3333333333333333,2.333333333333333
